[
    {
        "baidu": 7,
        "author": "李長沙",
        "title": "贈談命嚴叔寓",
        "so360": 48700000,
        "bing": 27300,
        "bing_en": 19400,
        "google": 172
    },
    {
        "baidu": 24,
        "author": "杜司直",
        "title": "送戴太博  其一",
        "so360": 10,
        "bing": 134000,
        "bing_en": 17300,
        "google": 313
    },
    {
        "baidu": 24,
        "author": "杜司直",
        "title": "送戴太博  其二",
        "so360": 15,
        "bing": 134000,
        "bing_en": 17200,
        "google": 313
    },
    {
        "baidu": 3,
        "author": "嚴敦常",
        "title": "壽開府",
        "so360": 30,
        "bing": 276000,
        "bing_en": 21900,
        "google": 7
    },
    {
        "baidu": 4,
        "author": "李志全",
        "title": "遊濟瀆",
        "so360": 65,
        "bing": 13900000,
        "bing_en": 21100,
        "google": 28900
    },
    {
        "baidu": 271,
        "author": "易性中",
        "title": "龍虎山",
        "so360": 1420,
        "bing": 169000,
        "bing_en": 17800,
        "google": 423000
    },
    {
        "baidu": 2,
        "author": "郭之義",
        "title": "遊東禪院",
        "so360": 12,
        "bing": 299000,
        "bing_en": 21100,
        "google": 208
    },
    {
        "baidu": 421,
        "author": "傅西齋",
        "title": "三蕭行賀蕭丞定夫子登科",
        "so360": 36,
        "bing": 12200,
        "bing_en": 2,
        "google": 92
    },
    {
        "baidu": 9,
        "author": "趙恬齋",
        "title": "送梁府教赴括蒼任",
        "so360": 14,
        "bing": 12700,
        "bing_en": 13,
        "google": 715
    },
    {
        "baidu": 2,
        "author": "范一飛",
        "title": "壽知宗",
        "so360": 10,
        "bing": 13400,
        "bing_en": 5530,
        "google": 2710
    },
    {
        "baidu": 2,
        "author": "黄少師女",
        "title": "送人赴舉",
        "so360": 23,
        "bing": 9730000,
        "bing_en": 17400,
        "google": 29400
    },
    {
        "baidu": 4,
        "author": "釋洪海",
        "title": "別諸禪衆",
        "so360": 491,
        "bing": 52800,
        "bing_en": 32,
        "google": 2000000
    },
    {
        "baidu": 5740,
        "author": "雲盤山人",
        "title": "晚宿靈岩",
        "so360": 24,
        "bing": 16500,
        "bing_en": 14600,
        "google": 1750000
    },
    {
        "baidu": 41100,
        "author": "釋某",
        "title": "羅隠題詩石",
        "so360": 112000,
        "bing": 35800,
        "bing_en": 4240,
        "google": 692000
    },
    {
        "baidu": 7,
        "author": "□治中",
        "title": "紹興丁丑題烏石山",
        "so360": 47,
        "bing": 12200,
        "bing_en": 4360,
        "google": 10800
    },
    {
        "baidu": 86,
        "author": "郭某",
        "title": "遊東禪院",
        "so360": 501,
        "bing": 126000,
        "bing_en": 20200,
        "google": 218000
    },
    {
        "baidu": 3,
        "author": "某府判",
        "title": "南山留題和呂元錫韻",
        "so360": 15,
        "bing": 65200,
        "bing_en": 11500,
        "google": 5830
    },
    {
        "baidu": 7,
        "author": "無名氏",
        "title": "白石灘碑刻",
        "so360": 21,
        "bing": 3410000,
        "bing_en": 1010,
        "google": 3130
    },
    {
        "baidu": 45,
        "author": "無名氏",
        "title": "無題",
        "so360": 78500,
        "bing": 85600,
        "bing_en": 21400,
        "google": 80700
    },
    {
        "baidu": 4,
        "author": "無名氏",
        "title": "題石魚",
        "so360": 301,
        "bing": 609000,
        "bing_en": 18200,
        "google": 1350000
    },
    {
        "baidu": 2,
        "author": "釋元昉",
        "title": "曹孝女廟",
        "so360": 20,
        "bing": 18600,
        "bing_en": 8,
        "google": 598000
    },
    {
        "baidu": 2,
        "author": "高予文",
        "title": "講教洞",
        "so360": 454,
        "bing": 430000,
        "bing_en": 17000,
        "google": 134
    },
    {
        "baidu": 21,
        "author": "謝達夫",
        "title": "句",
        "so360": 570,
        "bing": 1290000,
        "bing_en": 1610,
        "google": 84200
    },
    {
        "baidu": 9,
        "author": "胡謐",
        "title": "登黄樓",
        "so360": 14,
        "bing": 12400,
        "bing_en": 21500,
        "google": 1160000
    },
    {
        "baidu": 5,
        "author": "林某",
        "title": "送陳吏部",
        "so360": 212000,
        "bing": 741000,
        "bing_en": 21100,
        "google": 2530000
    },
    {
        "baidu": 1,
        "author": "席炎",
        "title": "留題酒家壁",
        "so360": 79,
        "bing": 142000,
        "bing_en": 119,
        "google": 545000
    },
    {
        "baidu": 4,
        "author": "釋顯彬",
        "title": "新月",
        "so360": 18,
        "bing": 5680,
        "bing_en": 14200,
        "google": 2670000
    },
    {
        "baidu": 2,
        "author": "梁白",
        "title": "題徐氏金湖書院",
        "so360": 12,
        "bing": 17900,
        "bing_en": 59,
        "google": 1890000
    },
    {
        "baidu": 24,
        "author": "楊徵",
        "title": "題徐氏金湖書院",
        "so360": 26,
        "bing": 10900,
        "bing_en": 61,
        "google": 1780000
    },
    {
        "baidu": 31,
        "author": "桑文炳",
        "title": "毛竹山",
        "so360": 14,
        "bing": 12400,
        "bing_en": 21500,
        "google": 7550
    },
    {
        "baidu": 2,
        "author": "彭徵",
        "title": "真人  其一",
        "so360": 4,
        "bing": 12200,
        "bing_en": 96200,
        "google": 4490000
    },
    {
        "baidu": 39,
        "author": "彭徵",
        "title": "真人  其二",
        "so360": 93,
        "bing": 25100,
        "bing_en": 24400,
        "google": 3060000
    },
    {
        "baidu": 40,
        "author": "彭徵",
        "title": "真人  其三",
        "so360": 22,
        "bing": 63,
        "bing_en": 186000,
        "google": 4670000
    },
    {
        "baidu": 20,
        "author": "彭徵",
        "title": "真人  其四",
        "so360": 3,
        "bing": 55,
        "bing_en": 128000,
        "google": 2830000
    },
    {
        "baidu": 22,
        "author": "梁子固",
        "title": "古木空烟",
        "so360": 16,
        "bing": 152000,
        "bing_en": 22200,
        "google": 40600
    },
    {
        "baidu": 30,
        "author": "朱翁",
        "title": "石通洞",
        "so360": 14,
        "bing": 454000,
        "bing_en": 414,
        "google": 1170000
    },
    {
        "baidu": 7,
        "author": "釋延吉",
        "title": "游碧落洞",
        "so360": 14,
        "bing": 661000,
        "bing_en": 2870,
        "google": 23700
    },
    {
        "baidu": 4,
        "author": "徐壽朋",
        "title": "白雲亭",
        "so360": 24,
        "bing": 12800,
        "bing_en": 241,
        "google": 604
    },
    {
        "baidu": 22,
        "author": "徐壽朋",
        "title": "勝會堂",
        "so360": 18,
        "bing": 34900,
        "bing_en": 23,
        "google": 234
    },
    {
        "baidu": 16,
        "author": "黄執中",
        "title": "景福院",
        "so360": 13,
        "bing": 5880,
        "bing_en": 1210,
        "google": 3470
    },
    {
        "baidu": 38,
        "author": "張祉",
        "title": "白鶴峰",
        "so360": 17,
        "bing": 90,
        "bing_en": 2440,
        "google": 11000
    },
    {
        "baidu": 0,
        "author": "釋德惠",
        "title": "普通禪寺  其一",
        "so360": 206000,
        "bing": 36600,
        "bing_en": 3530,
        "google": 2060000
    },
    {
        "baidu": 6,
        "author": "釋德惠",
        "title": "普通禪寺  其二",
        "so360": 205000,
        "bing": 36600,
        "bing_en": 2940,
        "google": 1160000
    },
    {
        "baidu": 8,
        "author": "敖邁",
        "title": "臨溪樓",
        "so360": 34,
        "bing": 58100,
        "bing_en": 21300,
        "google": 3310000
    },
    {
        "baidu": 35,
        "author": "黄均瑞",
        "title": "贊驛亭壁墨龍",
        "so360": 17,
        "bing": 12200,
        "bing_en": 746,
        "google": 189
    },
    {
        "baidu": 30,
        "author": "尹恕",
        "title": "三溪",
        "so360": 19,
        "bing": 2700,
        "bing_en": 25800,
        "google": 16100
    },
    {
        "baidu": 3,
        "author": "蔣金部",
        "title": "遊譚田寺",
        "so360": 25,
        "bing": 166000,
        "bing_en": 22400,
        "google": 132
    },
    {
        "baidu": 2,
        "author": "許元信",
        "title": "劉磐幕",
        "so360": 24,
        "bing": 27100,
        "bing_en": 21400,
        "google": 20600
    },
    {
        "baidu": 5,
        "author": "許元信",
        "title": "幕阜山",
        "so360": 37,
        "bing": 3690000,
        "bing_en": 21400,
        "google": 481
    },
    {
        "baidu": 9,
        "author": "王阜壽",
        "title": "占勝亭  其一",
        "so360": 12,
        "bing": 15100,
        "bing_en": 21100,
        "google": 3380000
    },
    {
        "baidu": 8,
        "author": "王阜壽",
        "title": "占勝亭  其二",
        "so360": 28,
        "bing": 14300,
        "bing_en": 21100,
        "google": 3370000
    },
    {
        "baidu": 3,
        "author": "吳珠",
        "title": "煙波亭",
        "so360": 23,
        "bing": 21300,
        "bing_en": 21400,
        "google": 1440000
    },
    {
        "baidu": 6,
        "author": "韓揚",
        "title": "秋興亭",
        "so360": 13,
        "bing": 304000,
        "bing_en": 23300,
        "google": 38300
    },
    {
        "baidu": 53,
        "author": "方日升",
        "title": "桃花洞",
        "so360": 29,
        "bing": 992000,
        "bing_en": 32500,
        "google": 7070000
    },
    {
        "baidu": 13,
        "author": "吳棟",
        "title": "重遊道巖",
        "so360": 10,
        "bing": 166000,
        "bing_en": 21200,
        "google": 3240000
    },
    {
        "baidu": 1,
        "author": "范公",
        "title": "省謁觀文之塋留題  其一",
        "so360": 15,
        "bing": 12500,
        "bing_en": 53,
        "google": 1330000
    },
    {
        "baidu": 1,
        "author": "范公",
        "title": "省謁觀文之塋留題  其二",
        "so360": 15,
        "bing": 12500,
        "bing_en": 62,
        "google": 1400000
    },
    {
        "baidu": 28,
        "author": "許杭",
        "title": "咏麻姑山",
        "so360": 1,
        "bing": 12400,
        "bing_en": 2610,
        "google": 2050000
    },
    {
        "baidu": 31,
        "author": "李潜真",
        "title": "遊麻姑山",
        "so360": 0,
        "bing": 42900,
        "bing_en": 9180,
        "google": 1010
    },
    {
        "baidu": 24,
        "author": "上清真人",
        "title": "遊麻姑",
        "so360": 16,
        "bing": 17900,
        "bing_en": 3720,
        "google": 401000
    },
    {
        "baidu": 33,
        "author": "□松卿",
        "title": "遊麻姑",
        "so360": 0,
        "bing": 16700,
        "bing_en": 12900,
        "google": 189000
    },
    {
        "baidu": 1040,
        "author": "蜀僧",
        "title": "仙壇",
        "so360": 53,
        "bing": 12700,
        "bing_en": 4450,
        "google": 1640000
    },
    {
        "baidu": 36,
        "author": "陳顔",
        "title": "九日送人",
        "so360": 12,
        "bing": 3570000,
        "bing_en": 104000,
        "google": 1010000
    },
    {
        "baidu": 4,
        "author": "陳顔",
        "title": "散懷",
        "so360": 19,
        "bing": 57100,
        "bing_en": 21300,
        "google": 8750000
    },
    {
        "baidu": 1,
        "author": "陳顔",
        "title": "輓友",
        "so360": 25,
        "bing": 927000,
        "bing_en": 21200,
        "google": 2970000
    },
    {
        "baidu": 5,
        "author": "董蘿",
        "title": "寄內",
        "so360": 30,
        "bing": 18300000,
        "bing_en": 21600,
        "google": 1820000
    },
    {
        "baidu": 42,
        "author": "陳恭",
        "title": "吳山",
        "so360": 28,
        "bing": 323000,
        "bing_en": 55300,
        "google": 1110000
    },
    {
        "baidu": 45,
        "author": "陳恭",
        "title": "感懷",
        "so360": 39,
        "bing": 31900,
        "bing_en": 21200,
        "google": 624000
    },
    {
        "baidu": 1,
        "author": "陳恭",
        "title": "次韻答友",
        "so360": 13,
        "bing": 347000,
        "bing_en": 10000,
        "google": 396000
    },
    {
        "baidu": 5,
        "author": "史慥之",
        "title": "秋夜聞蛩和壁間韻",
        "so360": 62,
        "bing": 12300,
        "bing_en": 4,
        "google": 1210000
    },
    {
        "baidu": 46,
        "author": "屠季",
        "title": "移居甬江有感  其一",
        "so360": 24,
        "bing": 1110,
        "bing_en": 17800,
        "google": 346000
    },
    {
        "baidu": 49,
        "author": "屠季",
        "title": "移居甬江有感  其二",
        "so360": 24,
        "bing": 1110,
        "bing_en": 16100,
        "google": 346000
    },
    {
        "baidu": 1,
        "author": "薛師心",
        "title": "泗上歌",
        "so360": 12,
        "bing": 12400,
        "bing_en": 1390,
        "google": 317
    },
    {
        "baidu": 2,
        "author": "薛師心",
        "title": "黄天蕩阻風",
        "so360": 17,
        "bing": 12500,
        "bing_en": 22,
        "google": 5010
    },
    {
        "baidu": 2,
        "author": "薛師心",
        "title": "石頭城遇盧明府丈",
        "so360": 14,
        "bing": 12500,
        "bing_en": 5,
        "google": 211
    },
    {
        "baidu": 5,
        "author": "廖則逢",
        "title": "青龍巖",
        "so360": 13,
        "bing": 38500,
        "bing_en": 6050,
        "google": 1260000
    },
    {
        "baidu": 7,
        "author": "趙永言",
        "title": "紫麟峰",
        "so360": 19,
        "bing": 61200,
        "bing_en": 3410,
        "google": 265
    },
    {
        "baidu": 16,
        "author": "無名氏",
        "title": "合江亭",
        "so360": 155,
        "bing": 3600,
        "bing_en": 752,
        "google": 61100
    },
    {
        "baidu": 1,
        "author": "無名氏",
        "title": "虞帝陵",
        "so360": 52,
        "bing": 13100,
        "bing_en": 0,
        "google": 554000
    },
    {
        "baidu": 7,
        "author": "無名氏",
        "title": "何侯洞",
        "so360": 41,
        "bing": 11200,
        "bing_en": 9820,
        "google": 356000
    },
    {
        "baidu": 81,
        "author": "無名氏",
        "title": "九疑山",
        "so360": 528,
        "bing": 24800,
        "bing_en": 971,
        "google": 284000
    },
    {
        "baidu": 27,
        "author": "無名氏",
        "title": "碧虛洞",
        "so360": 464000,
        "bing": 46200,
        "bing_en": 415,
        "google": 548000
    },
    {
        "baidu": 11,
        "author": "胡子澄",
        "title": "遊乳洞庵",
        "so360": 16,
        "bing": 28300,
        "bing_en": 2300,
        "google": 555000
    },
    {
        "baidu": 71,
        "author": "胡子澄",
        "title": "乳洞",
        "so360": 28,
        "bing": 67,
        "bing_en": 21200,
        "google": 559000
    },
    {
        "baidu": 24,
        "author": "通真子",
        "title": "文斾山",
        "so360": 11,
        "bing": 113000,
        "bing_en": 21400,
        "google": 9430
    },
    {
        "baidu": 0,
        "author": "頼繼善",
        "title": "句",
        "so360": 533,
        "bing": 423000,
        "bing_en": 16,
        "google": 777000
    },
    {
        "baidu": 2,
        "author": "何景南",
        "title": "遊資縣東巖",
        "so360": 11,
        "bing": 125000,
        "bing_en": 21500,
        "google": 1200
    },
    {
        "baidu": 6,
        "author": "侯蕃",
        "title": "漁樵",
        "so360": 42,
        "bing": 99,
        "bing_en": 21500,
        "google": 385000
    },
    {
        "baidu": 1,
        "author": "李楙",
        "title": "寄贈華陽洞隠者  其一",
        "so360": 22,
        "bing": 13600,
        "bing_en": 0,
        "google": 418
    },
    {
        "baidu": 1,
        "author": "李楙",
        "title": "寄贈華陽洞隠者  其二",
        "so360": 22,
        "bing": 13000,
        "bing_en": 0,
        "google": 572
    },
    {
        "baidu": 4,
        "author": "褚環中",
        "title": "宗壇秋夕",
        "so360": 20,
        "bing": 18400,
        "bing_en": 16700,
        "google": 649000
    },
    {
        "baidu": 2,
        "author": "釋師瑞",
        "title": "送僧歸鳳山",
        "so360": 15,
        "bing": 18100,
        "bing_en": 6280,
        "google": 3360000
    },
    {
        "baidu": 3,
        "author": "張春皓",
        "title": "十龜潭祈雨",
        "so360": 12,
        "bing": 16000,
        "bing_en": 1,
        "google": 209
    },
    {
        "baidu": 3,
        "author": "釋龍石",
        "title": "永樂寺",
        "so360": 14,
        "bing": 213000,
        "bing_en": 21500,
        "google": 256000
    },
    {
        "baidu": 20,
        "author": "洪漸",
        "title": "舟泊港口",
        "so360": 22,
        "bing": 4710,
        "bing_en": 8040,
        "google": 1590000
    },
    {
        "baidu": 6,
        "author": "史昌卿",
        "title": "鳳鳴洞",
        "so360": 10,
        "bing": 115000,
        "bing_en": 21100,
        "google": 27200
    },
    {
        "baidu": 5,
        "author": "周德輝",
        "title": "大觀堂",
        "so360": 46800,
        "bing": 42000,
        "bing_en": 3950,
        "google": 249
    },
    {
        "baidu": 0,
        "author": "高善濂",
        "title": "洞庭晚望七首  其一",
        "so360": 29,
        "bing": 37500,
        "bing_en": 21500,
        "google": 2610
    },
    {
        "baidu": 53,
        "author": "高善濂",
        "title": "洞庭晚望七首  其二",
        "so360": 29,
        "bing": 37500,
        "bing_en": 21200,
        "google": 313
    },
    {
        "baidu": 3,
        "author": "高善濂",
        "title": "岳陽樓晚眺即事疊韻四首  其一",
        "so360": 36,
        "bing": 14100,
        "bing_en": 19,
        "google": 4760
    },
    {
        "baidu": 10,
        "author": "高善濂",
        "title": "岳陽樓晚眺即事疊韻四首  其二",
        "so360": 36,
        "bing": 13200,
        "bing_en": 19,
        "google": 315
    },
    {
        "baidu": 8,
        "author": "蔣燮",
        "title": "碧雲洞",
        "so360": 11,
        "bing": 32500,
        "bing_en": 2790,
        "google": 1310
    },
    {
        "baidu": 3,
        "author": "無名氏",
        "title": "此游淡巖同成一詩敢用拜呈",
        "so360": 30,
        "bing": 12300,
        "bing_en": 2880,
        "google": 621
    },
    {
        "baidu": 98,
        "author": "無名氏",
        "title": "象耳山",
        "so360": 87,
        "bing": 895000,
        "bing_en": 19400,
        "google": 56100
    },
    {
        "baidu": 68,
        "author": "無名氏",
        "title": "遊象耳山",
        "so360": 74,
        "bing": 299000,
        "bing_en": 11100,
        "google": 366000
    },
    {
        "baidu": 9,
        "author": "楊良臣",
        "title": "碧沼寺",
        "so360": 24,
        "bing": 10400,
        "bing_en": 2050,
        "google": 25800
    },
    {
        "baidu": 28,
        "author": "趙永嘉",
        "title": "寶蓋山",
        "so360": 29,
        "bing": 428000,
        "bing_en": 80,
        "google": 1750000
    },
    {
        "baidu": 9,
        "author": "林小山",
        "title": "新婦石",
        "so360": 12,
        "bing": 2150,
        "bing_en": 15900,
        "google": 655000
    },
    {
        "baidu": 6,
        "author": "趙時",
        "title": "遊石室",
        "so360": 39,
        "bing": 468000,
        "bing_en": 21200,
        "google": 683000
    },
    {
        "baidu": 54,
        "author": "宇文孝叔",
        "title": "題回山人畫像",
        "so360": 19,
        "bing": 13300,
        "bing_en": 2280,
        "google": 247000
    },
    {
        "baidu": 2,
        "author": "孫唐卿",
        "title": "榴皮題壁  其一",
        "so360": 26,
        "bing": 4070,
        "bing_en": 2140,
        "google": 156
    },
    {
        "baidu": 3,
        "author": "孫唐卿",
        "title": "榴皮題壁  其二",
        "so360": 26,
        "bing": 5060,
        "bing_en": 21000,
        "google": 171
    },
    {
        "baidu": 3,
        "author": "孫子光",
        "title": "榴皮題壁  其一",
        "so360": 21,
        "bing": 49500,
        "bing_en": 109,
        "google": 6530
    },
    {
        "baidu": 3,
        "author": "孫子光",
        "title": "榴皮題壁  其二",
        "so360": 21,
        "bing": 3570,
        "bing_en": 21100,
        "google": 4080
    },
    {
        "baidu": 4,
        "author": "王真人",
        "title": "榴皮題壁  其一",
        "so360": 17,
        "bing": 14300,
        "bing_en": 20000,
        "google": 10800
    },
    {
        "baidu": 9,
        "author": "王真人",
        "title": "榴皮題壁  其二",
        "so360": 17,
        "bing": 13700,
        "bing_en": 15100,
        "google": 3820
    },
    {
        "baidu": 2,
        "author": "丁逢季",
        "title": "榴皮題壁",
        "so360": 16,
        "bing": 14000,
        "bing_en": 668,
        "google": 228
    },
    {
        "baidu": 1,
        "author": "葉三英",
        "title": "榴皮題壁",
        "so360": 17,
        "bing": 51700,
        "bing_en": 100,
        "google": 138
    },
    {
        "baidu": 2,
        "author": "馮開元",
        "title": "和榴皮題壁韻",
        "so360": 25,
        "bing": 93000,
        "bing_en": 0,
        "google": 8980
    },
    {
        "baidu": 28,
        "author": "任鄭",
        "title": "榴皮題壁",
        "so360": 16,
        "bing": 306000,
        "bing_en": 703,
        "google": 17300
    },
    {
        "baidu": 8,
        "author": "周載",
        "title": "玉女峰",
        "so360": 16,
        "bing": 1450,
        "bing_en": 22200,
        "google": 1160000
    },
    {
        "baidu": 2,
        "author": "虞億",
        "title": "晚對亭",
        "so360": 16,
        "bing": 476000,
        "bing_en": 21200,
        "google": 3370000
    },
    {
        "baidu": 1,
        "author": "虞億",
        "title": "中秋同諸子九曲泛月",
        "so360": 21,
        "bing": 79300,
        "bing_en": 3050,
        "google": 15700
    },
    {
        "baidu": 28,
        "author": "邱攀桂",
        "title": "接笋峰",
        "so360": 13,
        "bing": 32600,
        "bing_en": 21300,
        "google": 1450000
    },
    {
        "baidu": 1090,
        "author": "朱大卿",
        "title": "紀遊",
        "so360": 16,
        "bing": 1750000,
        "bing_en": 72,
        "google": 390
    },
    {
        "baidu": 2,
        "author": "詹羲",
        "title": "繫舟",
        "so360": 51,
        "bing": 21000,
        "bing_en": 19200,
        "google": 1230000
    },
    {
        "baidu": 6,
        "author": "張知退",
        "title": "一盌泉",
        "so360": 10,
        "bing": 334000,
        "bing_en": 100,
        "google": 5270000
    },
    {
        "baidu": 21,
        "author": "陳雲龍",
        "title": "偶成",
        "so360": 3,
        "bing": 17300,
        "bing_en": 21100,
        "google": 352
    },
    {
        "baidu": 1,
        "author": "林東愚",
        "title": "秋興",
        "so360": 21,
        "bing": 14200,
        "bing_en": 5230,
        "google": 7
    },
    {
        "baidu": 4,
        "author": "朱巖伯",
        "title": "皎皎吟",
        "so360": 11,
        "bing": 17700,
        "bing_en": 10500,
        "google": 471000
    },
    {
        "baidu": 2,
        "author": "朱巖伯",
        "title": "書延福寺壁",
        "so360": 17,
        "bing": 13100,
        "bing_en": 21100,
        "google": 2590000
    },
    {
        "baidu": 3,
        "author": "林賓暘",
        "title": "紅葉",
        "so360": 57,
        "bing": 35300000,
        "bing_en": 11200,
        "google": 247000
    },
    {
        "baidu": 0,
        "author": "林賓暘",
        "title": "病鶴",
        "so360": 17,
        "bing": 12400,
        "bing_en": 21300,
        "google": 1130000
    },
    {
        "baidu": 3,
        "author": "王舫",
        "title": "次黄日巖韻",
        "so360": 14,
        "bing": 13000,
        "bing_en": 21100,
        "google": 221
    },
    {
        "baidu": 4,
        "author": "王舫",
        "title": "次韻答陳石泉",
        "so360": 19,
        "bing": 56800,
        "bing_en": 858,
        "google": 17400
    },
    {
        "baidu": 36,
        "author": "王舫",
        "title": "晚憩石門洞",
        "so360": 16,
        "bing": 2060000,
        "bing_en": 0,
        "google": 45200
    },
    {
        "baidu": 41,
        "author": "王舫",
        "title": "次愚谷雪韻",
        "so360": 21,
        "bing": 34100,
        "bing_en": 21300,
        "google": 240
    },
    {
        "baidu": 50,
        "author": "王舫",
        "title": "春日郊行次平野韻",
        "so360": 14,
        "bing": 12400,
        "bing_en": 2210,
        "google": 55000
    },
    {
        "baidu": 6,
        "author": "陳簡軒",
        "title": "清虛堂",
        "so360": 33,
        "bing": 188000,
        "bing_en": 5340,
        "google": 104
    },
    {
        "baidu": 9,
        "author": "陳簡軒",
        "title": "醉芙蓉",
        "so360": 22,
        "bing": 61300,
        "bing_en": 21200,
        "google": 149
    },
    {
        "baidu": 2,
        "author": "鄭鼎夫",
        "title": "山房",
        "so360": 10,
        "bing": 594000,
        "bing_en": 25100,
        "google": 211
    },
    {
        "baidu": 2,
        "author": "鄭鼎夫",
        "title": "張子房",
        "so360": 15,
        "bing": 20300,
        "bing_en": 15000,
        "google": 10
    },
    {
        "baidu": 9,
        "author": "趙處澹",
        "title": "擬古  其一",
        "so360": 33,
        "bing": 14100,
        "bing_en": 8660,
        "google": 61400
    },
    {
        "baidu": 9,
        "author": "趙處澹",
        "title": "擬古  其二",
        "so360": 34,
        "bing": 13300,
        "bing_en": 8140,
        "google": 59000
    },
    {
        "baidu": 9,
        "author": "趙處澹",
        "title": "擬古  其三",
        "so360": 34,
        "bing": 24600,
        "bing_en": 21200,
        "google": 60600
    },
    {
        "baidu": 9,
        "author": "趙處澹",
        "title": "擬古  其四",
        "so360": 36,
        "bing": 29000,
        "bing_en": 21200,
        "google": 61300
    },
    {
        "baidu": 496,
        "author": "趙處澹",
        "title": "冬至日書懷",
        "so360": 30,
        "bing": 98000,
        "bing_en": 9400,
        "google": 317000
    },
    {
        "baidu": 616,
        "author": "趙處澹",
        "title": "追和陶淵明詠貧士",
        "so360": 572,
        "bing": 13100,
        "bing_en": 940,
        "google": 66700
    },
    {
        "baidu": 11,
        "author": "趙處澹",
        "title": "寄友",
        "so360": 15,
        "bing": 147000,
        "bing_en": 21300,
        "google": 1840000
    },
    {
        "baidu": 50,
        "author": "趙處澹",
        "title": "長門怨",
        "so360": 20,
        "bing": 84300,
        "bing_en": 4640,
        "google": 21400
    },
    {
        "baidu": 10,
        "author": "趙處澹",
        "title": "追擬玄真子漁歌  其一",
        "so360": 31,
        "bing": 12300,
        "bing_en": 118,
        "google": 4380
    },
    {
        "baidu": 10,
        "author": "趙處澹",
        "title": "追擬玄真子漁歌  其二",
        "so360": 32,
        "bing": 12400,
        "bing_en": 131,
        "google": 2060
    },
    {
        "baidu": 4,
        "author": "趙處澹",
        "title": "九日會飲翠麓",
        "so360": 17,
        "bing": 12600,
        "bing_en": 434,
        "google": 250000
    },
    {
        "baidu": 73,
        "author": "趙處澹",
        "title": "村居",
        "so360": 23,
        "bing": 117000,
        "bing_en": 21300,
        "google": 1130000
    },
    {
        "baidu": 63,
        "author": "趙處澹",
        "title": "丁山眺望",
        "so360": 16,
        "bing": 9570000,
        "bing_en": 2510,
        "google": 91900
    },
    {
        "baidu": 60,
        "author": "趙處澹",
        "title": "山行和韻",
        "so360": 14,
        "bing": 39400,
        "bing_en": 2510,
        "google": 701000
    },
    {
        "baidu": 46,
        "author": "趙處澹",
        "title": "八月十四夜",
        "so360": 20,
        "bing": 1990000,
        "bing_en": 21000,
        "google": 2170000
    },
    {
        "baidu": 27,
        "author": "趙處澹",
        "title": "雨",
        "so360": 116,
        "bing": 1430000,
        "bing_en": 21400,
        "google": 3760000
    },
    {
        "baidu": 75,
        "author": "趙處澹",
        "title": "偶成",
        "so360": 33,
        "bing": 146000,
        "bing_en": 21300,
        "google": 46200
    },
    {
        "baidu": 1,
        "author": "趙處澹",
        "title": "春日卧病",
        "so360": 16,
        "bing": 13500,
        "bing_en": 94,
        "google": 365000
    },
    {
        "baidu": 2,
        "author": "趙處澹",
        "title": "濯纓亭",
        "so360": 18,
        "bing": 199000,
        "bing_en": 3990,
        "google": 912000
    },
    {
        "baidu": 789,
        "author": "趙處澹",
        "title": "月夜",
        "so360": 39,
        "bing": 63300,
        "bing_en": 11100,
        "google": 1280000
    },
    {
        "baidu": 3880,
        "author": "趙處澹",
        "title": "和韻",
        "so360": 26,
        "bing": 436000,
        "bing_en": 2540,
        "google": 2330000
    },
    {
        "baidu": 7,
        "author": "趙處澹",
        "title": "偶成用溪陰韻",
        "so360": 20,
        "bing": 13100,
        "bing_en": 0,
        "google": 87400
    },
    {
        "baidu": 24,
        "author": "趙處澹",
        "title": "厭雨",
        "so360": 26,
        "bing": 19300,
        "bing_en": 21300,
        "google": 1500000
    },
    {
        "baidu": 1,
        "author": "趙處澹",
        "title": "題周恭叔謝池讀書處",
        "so360": 24,
        "bing": 16600,
        "bing_en": 15000,
        "google": 658
    },
    {
        "baidu": 8,
        "author": "趙處澹",
        "title": "清明雨中",
        "so360": 31,
        "bing": 31300,
        "bing_en": 17900,
        "google": 1560000
    },
    {
        "baidu": 13,
        "author": "趙處澹",
        "title": "借榻",
        "so360": 22,
        "bing": 26900,
        "bing_en": 21300,
        "google": 1750000
    },
    {
        "baidu": 17,
        "author": "徐獻可",
        "title": "南塘",
        "so360": 27,
        "bing": 14900,
        "bing_en": 24000,
        "google": 2850000
    },
    {
        "baidu": 20,
        "author": "徐獻可",
        "title": "書齋",
        "so360": 84,
        "bing": 1050000,
        "bing_en": 16100,
        "google": 710000
    },
    {
        "baidu": 2,
        "author": "林魯",
        "title": "長門曲",
        "so360": 95,
        "bing": 14200,
        "bing_en": 19500,
        "google": 41400
    },
    {
        "baidu": 2,
        "author": "韓兼山",
        "title": "夜歸",
        "so360": 30,
        "bing": 303000,
        "bing_en": 26500,
        "google": 34900
    },
    {
        "baidu": 27,
        "author": "姚所韶",
        "title": "漁歌",
        "so360": 16,
        "bing": 35000,
        "bing_en": 3040,
        "google": 74100
    },
    {
        "baidu": 3,
        "author": "丘靜山",
        "title": "弔瓊花",
        "so360": 29,
        "bing": 13400,
        "bing_en": 957,
        "google": 5820
    },
    {
        "baidu": 6,
        "author": "丘靜山",
        "title": "客鄞江",
        "so360": 17,
        "bing": 5120000,
        "bing_en": 65,
        "google": 274
    },
    {
        "baidu": 2,
        "author": "鄭吾民",
        "title": "諸葛廬",
        "so360": 31,
        "bing": 42600,
        "bing_en": 21000,
        "google": 96
    },
    {
        "baidu": 5,
        "author": "高得心",
        "title": "林下讀書",
        "so360": 297000,
        "bing": 7100000,
        "bing_en": 20800,
        "google": 34300000
    },
    {
        "baidu": 1,
        "author": "無名氏",
        "title": "題景星壁",
        "so360": 157,
        "bing": 85400,
        "bing_en": 505,
        "google": 321000
    },
    {
        "baidu": 16,
        "author": "徐覲",
        "title": "與客登山",
        "so360": 18,
        "bing": 12000000,
        "bing_en": 6760,
        "google": 411000
    },
    {
        "baidu": 34,
        "author": "徐覲",
        "title": "秣陵秋望",
        "so360": 14,
        "bing": 186000,
        "bing_en": 20000,
        "google": 107000
    },
    {
        "baidu": 12,
        "author": "徐覲",
        "title": "送友人",
        "so360": 15,
        "bing": 7300,
        "bing_en": 10600,
        "google": 649000
    },
    {
        "baidu": 48,
        "author": "葛秋崖",
        "title": "唐明皇遊月宮",
        "so360": 15,
        "bing": 14800,
        "bing_en": 425,
        "google": 27000
    },
    {
        "baidu": 40,
        "author": "葛秋崖",
        "title": "故公子家",
        "so360": 103000,
        "bing": 12600,
        "bing_en": 21400,
        "google": 202
    },
    {
        "baidu": 37,
        "author": "葛秋崖",
        "title": "絕句",
        "so360": 12,
        "bing": 82,
        "bing_en": 7910,
        "google": 253
    },
    {
        "baidu": 31,
        "author": "王開平",
        "title": "石門洞",
        "so360": 12,
        "bing": 140000,
        "bing_en": 20600,
        "google": 629000
    },
    {
        "baidu": 35,
        "author": "周翼之",
        "title": "西里翁宅",
        "so360": 217,
        "bing": 1960000,
        "bing_en": 21100,
        "google": 497000
    },
    {
        "baidu": 7,
        "author": "周翼之",
        "title": "春雨",
        "so360": 314,
        "bing": 72,
        "bing_en": 37500,
        "google": 1710000
    },
    {
        "baidu": 38,
        "author": "周翼之",
        "title": "京口江亭",
        "so360": 12,
        "bing": 82600,
        "bing_en": 22200,
        "google": 1280000
    },
    {
        "baidu": 21,
        "author": "周翼之",
        "title": "道傍祠",
        "so360": 14,
        "bing": 20400,
        "bing_en": 22600,
        "google": 2380000
    },
    {
        "baidu": 41,
        "author": "周翼之",
        "title": "初夏",
        "so360": 248,
        "bing": 685,
        "bing_en": 29100,
        "google": 3110000
    },
    {
        "baidu": 23,
        "author": "王景月",
        "title": "桃源行",
        "so360": 29,
        "bing": 1840,
        "bing_en": 49800,
        "google": 387
    },
    {
        "baidu": 28,
        "author": "王景月",
        "title": "采石渡",
        "so360": 13,
        "bing": 24100,
        "bing_en": 22200,
        "google": 154
    },
    {
        "baidu": 85,
        "author": "蔡槃",
        "title": "遊古寺",
        "so360": 620,
        "bing": 9220000,
        "bing_en": 7460,
        "google": 22200
    },
    {
        "baidu": 78,
        "author": "蔡槃",
        "title": "竹",
        "so360": 44,
        "bing": 48500,
        "bing_en": 24500,
        "google": 182000
    },
    {
        "baidu": 55,
        "author": "蔡槃",
        "title": "寄北磵",
        "so360": 2,
        "bing": 13700,
        "bing_en": 16000,
        "google": 1200000
    },
    {
        "baidu": 45,
        "author": "蔡槃",
        "title": "留別",
        "so360": 587,
        "bing": 48500,
        "bing_en": 955,
        "google": 1050000
    },
    {
        "baidu": 66,
        "author": "蔡槃",
        "title": "山城即事",
        "so360": 4,
        "bing": 13300,
        "bing_en": 4410,
        "google": 14700
    },
    {
        "baidu": 10,
        "author": "蔡槃",
        "title": "雪中懷祝聲之",
        "so360": 23,
        "bing": 266000,
        "bing_en": 21100,
        "google": 1220000
    },
    {
        "baidu": 721,
        "author": "蔡槃",
        "title": "寄何尉",
        "so360": 2,
        "bing": 12500,
        "bing_en": 21300,
        "google": 987000
    },
    {
        "baidu": 53,
        "author": "蔡槃",
        "title": "客中",
        "so360": 589,
        "bing": 3260,
        "bing_en": 28300,
        "google": 1160000
    },
    {
        "baidu": 2,
        "author": "蔡槃",
        "title": "病中",
        "so360": 591,
        "bing": 4010,
        "bing_en": 27400,
        "google": 171000
    },
    {
        "baidu": 45,
        "author": "蔡槃",
        "title": "山居",
        "so360": 591,
        "bing": 1910,
        "bing_en": 24600,
        "google": 46300
    },
    {
        "baidu": 4,
        "author": "蔡槃",
        "title": "遊梅庵",
        "so360": 70,
        "bing": 12400,
        "bing_en": 21300,
        "google": 1190000
    },
    {
        "baidu": 1,
        "author": "蔡槃",
        "title": "宿碧瑶山房",
        "so360": 177,
        "bing": 12700,
        "bing_en": 870,
        "google": 2320000
    },
    {
        "baidu": 11,
        "author": "蔡槃",
        "title": "人間",
        "so360": 100000000,
        "bing": 1750,
        "bing_en": 18900,
        "google": 278000
    },
    {
        "baidu": 20,
        "author": "蔡槃",
        "title": "旅中",
        "so360": 563,
        "bing": 2720,
        "bing_en": 25500,
        "google": 1100000
    },
    {
        "baidu": 42,
        "author": "蔡槃",
        "title": "越州早行",
        "so360": 2,
        "bing": 562000,
        "bing_en": 21200,
        "google": 8870000
    },
    {
        "baidu": 9,
        "author": "蔡槃",
        "title": "瓜州",
        "so360": 479,
        "bing": 1610,
        "bing_en": 21500,
        "google": 846000
    },
    {
        "baidu": 38,
        "author": "蔡槃",
        "title": "金陵",
        "so360": 28600000,
        "bing": 1800,
        "bing_en": 21200,
        "google": 81600
    },
    {
        "baidu": 47,
        "author": "蔡槃",
        "title": "春思",
        "so360": 540,
        "bing": 15500,
        "bing_en": 23900,
        "google": 177000
    },
    {
        "baidu": 1,
        "author": "蔡槃",
        "title": "贈江湖隠者",
        "so360": 18,
        "bing": 29200,
        "bing_en": 3360,
        "google": 25700
    },
    {
        "baidu": 45,
        "author": "蔡槃",
        "title": "冬夕寄友",
        "so360": 40,
        "bing": 65700,
        "bing_en": 21300,
        "google": 976000
    },
    {
        "baidu": 45,
        "author": "蔡槃",
        "title": "自敘",
        "so360": 587,
        "bing": 1620,
        "bing_en": 1250,
        "google": 12800
    },
    {
        "baidu": 50,
        "author": "蔡槃",
        "title": "次幽居",
        "so360": 590,
        "bing": 91,
        "bing_en": 14300,
        "google": 170000
    },
    {
        "baidu": 3,
        "author": "蔡槃",
        "title": "過橫嶺書信臣宅壁",
        "so360": 546,
        "bing": 16900,
        "bing_en": 692,
        "google": 22100
    },
    {
        "baidu": 61,
        "author": "蔡槃",
        "title": "寄雪蓬姚監丞",
        "so360": 36,
        "bing": 1020,
        "bing_en": 20200,
        "google": 429000
    },
    {
        "baidu": 54,
        "author": "蔡槃",
        "title": "約友同游",
        "so360": 3,
        "bing": 509000,
        "bing_en": 14300,
        "google": 138000
    },
    {
        "baidu": 43,
        "author": "蔡槃",
        "title": "次倪梅村見寄韻",
        "so360": 29,
        "bing": 34300,
        "bing_en": 1390,
        "google": 6670
    },
    {
        "baidu": 7,
        "author": "蔡槃",
        "title": "鄭介道見訪",
        "so360": 2,
        "bing": 104000,
        "bing_en": 21100,
        "google": 341
    },
    {
        "baidu": 56,
        "author": "蔡槃",
        "title": "謁范文正公祠",
        "so360": 1470,
        "bing": 9410,
        "bing_en": 25200,
        "google": 34000
    },
    {
        "baidu": 59,
        "author": "蔡槃",
        "title": "錢塘懷古",
        "so360": 618,
        "bing": 38000,
        "bing_en": 1810,
        "google": 28500
    },
    {
        "baidu": 45,
        "author": "蔡槃",
        "title": "九日僧舍偶成",
        "so360": 10,
        "bing": 17200,
        "bing_en": 21300,
        "google": 20800
    },
    {
        "baidu": 4,
        "author": "蔡槃",
        "title": "宮主祠",
        "so360": 3,
        "bing": 12400,
        "bing_en": 21300,
        "google": 855000
    },
    {
        "baidu": 17,
        "author": "郭燻",
        "title": "挽內子",
        "so360": 12,
        "bing": 12600,
        "bing_en": 0,
        "google": 1880000
    },
    {
        "baidu": 2,
        "author": "陳梅莊",
        "title": "述懷  其一",
        "so360": 34,
        "bing": 60900,
        "bing_en": 24000,
        "google": 352
    },
    {
        "baidu": 2,
        "author": "陳梅莊",
        "title": "述懷  其二",
        "so360": 25,
        "bing": 60600,
        "bing_en": 23900,
        "google": 354
    },
    {
        "baidu": 1,
        "author": "陳梅莊",
        "title": "述懷  其三",
        "so360": 16,
        "bing": 26300,
        "bing_en": 29100,
        "google": 342
    },
    {
        "baidu": 48,
        "author": "楊氏",
        "title": "締盟",
        "so360": 44,
        "bing": 1170000,
        "bing_en": 2600,
        "google": 922000
    },
    {
        "baidu": 70200,
        "author": "楊氏",
        "title": "永別",
        "so360": 5020,
        "bing": 719000,
        "bing_en": 17900,
        "google": 239000
    },
    {
        "baidu": 3,
        "author": "陳廷光",
        "title": "登高凉山謁墓",
        "so360": 13,
        "bing": 250000,
        "bing_en": 154,
        "google": 158
    },
    {
        "baidu": 2,
        "author": "陳廷光",
        "title": "小山見梅",
        "so360": 37,
        "bing": 7980,
        "bing_en": 15800,
        "google": 441
    },
    {
        "baidu": 4080,
        "author": "袁宏德",
        "title": "留別貴州父老",
        "so360": 25,
        "bing": 19500,
        "bing_en": 124,
        "google": 27700
    },
    {
        "baidu": 4740,
        "author": "鍾宿",
        "title": "狀元峰",
        "so360": 18,
        "bing": 154000,
        "bing_en": 21100,
        "google": 2180000
    },
    {
        "baidu": 38,
        "author": "鍾宿",
        "title": "蛻龍洞",
        "so360": 14,
        "bing": 28700,
        "bing_en": 68,
        "google": 64500
    },
    {
        "baidu": 6,
        "author": "釋白幻",
        "title": "登竺雲山",
        "so360": 13,
        "bing": 19000,
        "bing_en": 7840,
        "google": 23500
    },
    {
        "baidu": 5760,
        "author": "楊養晦",
        "title": "寒雲千疊山",
        "so360": 12,
        "bing": 12100,
        "bing_en": 1190,
        "google": 694
    },
    {
        "baidu": 4,
        "author": "方鴻飛",
        "title": "宣妙樓",
        "so360": 21,
        "bing": 97500,
        "bing_en": 6880,
        "google": 481
    }
]